"id","governorate_id","name_en","name_ar"
"00d7fb66-ed91-479a-bddf-49679ee75f2f","b8db1201-8bfb-462f-809c-798b2bf52c15","El Soyof","السيوف"
"012b75d4-f674-4454-82cf-cde88a8d4b3d","352705bb-8b94-45b1-8e1f-529db29a6dc1","Mout","موط"
"014c3966-b518-4e58-9760-654a48c1a053","13ce5741-79a2-4275-bd7a-dabf97c5d4a3","Dayrout","ديروط"
"01d5ef0b-4048-4632-bc18-20ba771ed5cd","b8db1201-8bfb-462f-809c-798b2bf52c15","Naseria","الناصرية"
"026a8e20-f662-4f95-ad89-a0004ea330cd","b327b449-1086-4f24-8198-8687626148e5","Taba","طابا"
"0346ea14-ce49-4589-b168-3416c7b07027","91204aba-7e09-43eb-a90b-b73c9a529510","Tahta","طهطا"
"036c9b52-4591-40f7-a277-5540207eb787","53b9e522-2a1e-4ac7-b67c-2e11dc1b9414","Kafr El Sheikh Downtown","وسط البلد كفر الشيخ"
"03a8b79f-fbfe-47fd-b2ab-845858aa4218","b8db1201-8bfb-462f-809c-798b2bf52c15","Abu Qir","ابو قير"
"0441a915-8583-43ac-8483-e0013fe51169","06c92782-bd90-4b14-9f42-47c0f036bc2a","Qaha","قها"
"04b12909-0d23-4743-a6c1-8a28ab1c9eb3","b8db1201-8bfb-462f-809c-798b2bf52c15","Al Mamurah","المعمورة"
"063c7f5c-5c10-4fce-b960-e2687486bb42","f41e715d-4d7c-4468-aaa1-47a00a9b9750","Al-Radisiyah","الرديسية"
"06ea2814-62cb-46ae-9ad2-4c2bbb73d34f","a26a55b6-da6d-4307-b85f-27bffe1c0613","Alarab","العرب"
"079d2240-37ac-410e-879f-b8a086cf0932","0e031498-ebc2-49fa-92fa-ff902e8670b9","Dar Al Salam","دار السلام"
"07a029ff-02a3-44fd-b365-a0ef5c84e5b7","f41e715d-4d7c-4468-aaa1-47a00a9b9750","Drau","دراو"
"0801a9a8-3695-43e1-a696-d83dd0827192","9c46ad38-28c4-4617-8e5f-37fb080fd935","Sherbin","شربين"
"089280ce-f73e-44ea-ba8a-3d3e64a59f0b","68d03055-8404-4292-b234-7650a05e2b85","Manshiyet Al Bakari","منشأة البكاري"
"08a60a81-39c0-4ace-a13d-ca40b4b46b86","352705bb-8b94-45b1-8e1f-529db29a6dc1","El Kharga","الخارجة"
"08f55c89-9d73-4b61-ad71-7d4f226c4fd8","b327b449-1086-4f24-8198-8687626148e5","Sharm El-Shaikh","شرم الشيخ"
"09682155-8e3f-4fa2-8322-422088eccaf5","9c46ad38-28c4-4617-8e5f-37fb080fd935","Mataria","المطرية"
"09a1b002-a3e4-49bf-b61a-2d8202c3c781","a26a55b6-da6d-4307-b85f-27bffe1c0613","Mubarak","حى مبارك"
"0af74234-cdb7-4cf9-8098-463dbc7abc89","a027fbef-4a40-4e92-9a1f-f39598a71b59","Marsa Matrouh","مرسى مطروح"
"0be0614e-a4b9-4f05-93b1-ebd7be4d9cbc","0e031498-ebc2-49fa-92fa-ff902e8670b9","Ain Shams","عين شمس"
"0cc28706-e2d6-442f-81ba-f37bb41a2c6d","e45f031f-e7a0-4119-a654-d6080a9883c0","Meloy","ملوي"
"0cd63e86-cfc9-4813-86e3-e46016bbcda2","13ce5741-79a2-4275-bd7a-dabf97c5d4a3","Assiut","أسيوط"
"0da52743-cd6c-4907-857c-72a7e479c1b8","44f2ea24-a065-49a1-be21-ae0a2c581a76","Tamiya","طامية"
"0e92ea5f-009d-40b2-833d-62e10fce74af","0e031498-ebc2-49fa-92fa-ff902e8670b9","Sahel","الساحل"
"107204a3-af1d-47a3-8591-baed83e4df41","53b9e522-2a1e-4ac7-b67c-2e11dc1b9414","Baltim","بلطيم"
"109d5cd3-d2ac-4889-a75e-2346ba1d634f","68d03055-8404-4292-b234-7650a05e2b85","Saft Allaban","صفط اللبن"
"123339f4-ca96-4f3f-9a96-99f43fb00522","079c5bd3-7c9d-4a3b-a0a0-3bfeef68aaea","Mashtoul El Souq","مشتول السوق"
"12a12581-4fbf-45b0-9058-9bed4cba56c2","79d1b04c-b032-402e-8998-9ac689aac90c","Shubrakhit","شبراخيت"
"13425aff-3184-452b-97dd-bebd35cd0cb3","284fdf07-79e2-4f7c-b66c-aa4ee6b0ba2c","Samannoud","سمنود"
"13c59fe1-b488-4440-a30e-8e176453e627","e45f031f-e7a0-4119-a654-d6080a9883c0","Deir Mawas","دير مواس"
"13eafd2c-9236-459a-bb74-a1fae71b61b0","e45f031f-e7a0-4119-a654-d6080a9883c0","Magagha","مغاغة"
"14138ca7-6161-4a61-93de-67c22740975c","079c5bd3-7c9d-4a3b-a0a0-3bfeef68aaea","Deirb Negm","ديرب نجم"
"1675485f-9425-422a-9d2c-701cac82a2de","79d1b04c-b032-402e-8998-9ac689aac90c","Kom Hamada","كوم حمادة"
"1739667f-b0af-45b2-be54-cd01f18fa050","284fdf07-79e2-4f7c-b66c-aa4ee6b0ba2c","Zefta","زفتى"
"18234e0e-8006-41a2-aa77-1d12d37e3f30","53b9e522-2a1e-4ac7-b67c-2e11dc1b9414","Burg Al Burullus","برج البرلس"
"1919cd76-8c70-490a-9fc0-c0b59a402b18","0e031498-ebc2-49fa-92fa-ff902e8670b9","Aldarb Alahmar","الدرب الاحمر"
"1a3cc25c-e259-40ea-a29c-53a4c4588628","79d1b04c-b032-402e-8998-9ac689aac90c","Delengat","الدلنجات"
"1b979c6e-e9eb-4faf-95e9-a8ab12f4aa68","a027fbef-4a40-4e92-9a1f-f39598a71b59","North Coast","الساحل الشمالى"
"1c18c623-5c2f-4a91-888b-b58bc1da0f59","06c92782-bd90-4b14-9f42-47c0f036bc2a","Mostorod","مسطرد"
"1c212e7f-b66f-494d-8839-045566fb9d72","68d03055-8404-4292-b234-7650a05e2b85","Faisal","فيصل"
"1c90b8bc-c236-473d-ae22-b91a65708d7d","079c5bd3-7c9d-4a3b-a0a0-3bfeef68aaea","Al Ibrahimiyah","الإبراهيمية"
"1d468075-f9b5-47cc-9a4f-2f023c41c7de","68d03055-8404-4292-b234-7650a05e2b85","ManshiyetAl Qanater","منشأة القناطر"
"1ea23486-97aa-4ab1-bbcf-84c544dacf0b","91204aba-7e09-43eb-a90b-b73c9a529510","Albalina","البلينا"
"2013688e-819d-4883-997e-9c005bf96987","42108f76-6716-46d3-a351-73e9579427df","Naqada","نقادة"
"2104f385-e035-4cfd-b35a-7f5a5f324e12","79d1b04c-b032-402e-8998-9ac689aac90c","Rashid","رشيد"
"220891cf-a984-4335-b954-5ad213ce85d9","79d1b04c-b032-402e-8998-9ac689aac90c","New Nubaria","النوبارية الجديدة"
"237f489b-0753-4120-8596-d260550a27ad","79d1b04c-b032-402e-8998-9ac689aac90c","Abu al-Matamir","أبو المطامير"
"23ba2db2-c9d1-4c19-bc13-4f4ca93c6770","0e031498-ebc2-49fa-92fa-ff902e8670b9","El-Khalifa","الخليفة"
"2429ee49-8eb2-4844-8e23-0cc00a7417ce","e45f031f-e7a0-4119-a654-d6080a9883c0","Madinat El Fekria","المدينة الفكرية"
"24c636bb-0b1f-451e-870f-9c63ff18c720","0e031498-ebc2-49fa-92fa-ff902e8670b9","Rehab","الرحاب"
"25109ac7-a342-40c4-8aac-9e541c131154","9c46ad38-28c4-4617-8e5f-37fb080fd935","Gamasa","جمصة"
"2594f865-fd9c-4c1a-a3a6-f4c67bd058fe","3b678af7-4d15-4d54-abec-90d75e3d63da","alsaru","السرو"
"265505da-fece-472b-8530-4686e2c6465a","53b9e522-2a1e-4ac7-b67c-2e11dc1b9414","Kafr El Sheikh","كفر الشيخ"
"26b778d2-9e23-4d4a-bc22-47016265a8ba","44f2ea24-a065-49a1-be21-ae0a2c581a76","Hadqa","الحادقة"
"2892ab81-511e-462e-a791-6b9540e66e56","3b678af7-4d15-4d54-abec-90d75e3d63da","Kafr Saad","كفر سعد"
"299d1bd5-18f1-4aa0-91c7-5fb9fab30a7a","284fdf07-79e2-4f7c-b66c-aa4ee6b0ba2c","Qutour","قطور"
"2abe398e-b85d-4a7a-ad38-9954947ebdc8","68d03055-8404-4292-b234-7650a05e2b85","Boulaq Dakrour","بولاق الدكرور"
"2acab9ef-9791-46d4-8b79-d05a243d5b5d","a26a55b6-da6d-4307-b85f-27bffe1c0613","Alsharq","حى الشرق"
"2af09b2b-4dbf-4574-b16c-0747f9c0feab","42108f76-6716-46d3-a351-73e9579427df","Quos","قوص"
"2b2128bf-e651-4936-999c-d980f823cf66","79d1b04c-b032-402e-8998-9ac689aac90c","Alnoubareya","النوبارية"
"2c92e755-f0b3-4462-90f4-cecd2d3da98e","c3d08e96-0d1a-4ace-a448-2ec1e913c0f8","Fashn","الفشن"
"2d10d376-b59d-4905-80d4-ba8f7d47f8c5","b8db1201-8bfb-462f-809c-798b2bf52c15","Azarita","الأزاريطة"
"2d7029f9-d514-4b25-902c-568f0dc1d234","9c46ad38-28c4-4617-8e5f-37fb080fd935","Al Manzala","المنزلة"
"2d8cedc7-29fc-4517-8c68-10babc27c059","a26a55b6-da6d-4307-b85f-27bffe1c0613","Zohour","حى الزهور"
"2dab0368-2510-4446-b372-6ef972e620d5","68d03055-8404-4292-b234-7650a05e2b85","Abu Nomros","أبو النمرس"
"2dc272c7-3ed9-4bf0-8887-a5c75c4a08fd","0e031498-ebc2-49fa-92fa-ff902e8670b9","El Sharabeya","الشرابية"
"2e7d54e6-7d9b-420d-9253-29052488ff30","079c5bd3-7c9d-4a3b-a0a0-3bfeef68aaea","san alhajar alqablia","صان الحجر القبلية"
"2f3e0c83-062e-413d-8206-cca6cc232df4","0e031498-ebc2-49fa-92fa-ff902e8670b9","Sheraton","شيراتون"
"2f60a335-f13c-463f-b987-f032cfe9d052","0e031498-ebc2-49fa-92fa-ff902e8670b9","Cairo Downtown","وسط البلد"
"2fe68bc4-7230-447c-9cbd-b5d844598527","68d03055-8404-4292-b234-7650a05e2b85","Moneeb","المنيب"
"302dc8f7-65c3-44a5-9377-b8a1aa5116df","0e031498-ebc2-49fa-92fa-ff902e8670b9","Ezbet el Nakhl","عزبة النخل"
"3047caf6-306b-40c3-a992-7e29632c7713","3042500e-acdd-403f-b92f-bbe07890bc1e","Ismailia","الإسماعيلية"
"30860a7a-fa35-4105-9e01-a0aea76326f0","f39be396-9993-4315-891c-b50232cf4f0b","Shbeen El Koom","شبين الكوم"
"32611d90-51aa-46d6-b0ae-9cb31b79bcf2","0e031498-ebc2-49fa-92fa-ff902e8670b9","Nozha","النزهة"
"32776e03-cd06-4091-ac63-7dd8ad0c2b96","b8db1201-8bfb-462f-809c-798b2bf52c15","Al Mafrouza","المفروزة"
"32b6c6a1-65ce-45f6-8ebe-9625e31d4a9d","a027fbef-4a40-4e92-9a1f-f39598a71b59","Siwa","سيوة"
"32e8c026-d9ff-4f0c-b1db-fc9cb78bec54","b327b449-1086-4f24-8198-8687626148e5","Saint Catherine","سانت كاترين"
"33770110-1508-448e-b337-92de4717b34a","e45f031f-e7a0-4119-a654-d6080a9883c0","Ard Sultan","ارض سلطان"
"340534e2-905a-46b1-9c38-4fb0d3614624","91204aba-7e09-43eb-a90b-b73c9a529510","Alkawthar","الكوثر"
"3464941d-a87f-4849-93ce-c8cf1c7667d2","b327b449-1086-4f24-8198-8687626148e5","Nuweiba","نويبع"
"347494a7-5894-4abb-92c2-4a6a15966b7c","06c92782-bd90-4b14-9f42-47c0f036bc2a","Qalyub","قليوب"
"35aec674-1e22-4cbe-b14c-dc2e0f61f398","f79d8036-7565-447b-b022-2892b14d78d0","New Tiba","طيبة الجديدة"
"35d901a0-d77e-49ee-b0ff-6784f903212b","b8db1201-8bfb-462f-809c-798b2bf52c15","North Coast/sahel","الساحل الشمالي"
"366a2474-9b9c-4615-90ee-5ca22a47f1c0","13ce5741-79a2-4275-bd7a-dabf97c5d4a3","Manfalut","منفلوط"
"37d5a3d6-c053-4e33-83af-b04e92f7137e","0e031498-ebc2-49fa-92fa-ff902e8670b9","Waily","الوايلى"
"390f1f0e-a96c-49e9-bb08-00fa95a1097e","f79d8036-7565-447b-b022-2892b14d78d0","Al Qarna","القرنة"
"39962ee1-941a-4aee-a8ca-f78c9012a7f1","0e031498-ebc2-49fa-92fa-ff902e8670b9","Helwan","حلوان"
"39f683f6-9737-49c7-b801-738adbbecd49","68d03055-8404-4292-b234-7650a05e2b85","Haraneya","الحرانية"
"3a0421e2-2c6e-46d2-a88f-8510932bc3ab","b8db1201-8bfb-462f-809c-798b2bf52c15","Karmooz","كرموز"
"3af0f690-ad60-47c3-bf67-c93e3041c46b","9c46ad38-28c4-4617-8e5f-37fb080fd935","Meet Salsil","ميت سلسيل"
"3b1c0ba9-e5f5-4485-94a7-c412d9d962ed","9c46ad38-28c4-4617-8e5f-37fb080fd935","Mahalat Damana","محلة دمنة"
"3b62285d-e730-4862-ba9b-16a0d01c9574","0e031498-ebc2-49fa-92fa-ff902e8670b9","New Nozha","النزهة الجديدة"
"3cc8de48-fe2f-494f-acb3-92141c59d518","0e031498-ebc2-49fa-92fa-ff902e8670b9","Tebin","التبين"
"3fd0bfd7-0211-4185-a7e4-371d3bd78e64","0e031498-ebc2-49fa-92fa-ff902e8670b9","Sayeda Zeinab","السيدة زينب"
"3fd8b3e1-99a6-4562-a3e9-867431a2676a","0e031498-ebc2-49fa-92fa-ff902e8670b9","El-Gamaleya","الجمالية"
"407e4a4a-c604-4e11-b15e-ae4b7a5a30c4","b8db1201-8bfb-462f-809c-798b2bf52c15","Gheet Alenab","غيط العنب"
"40e92a92-8351-4821-9fe4-fd93e9f49ff4","0e031498-ebc2-49fa-92fa-ff902e8670b9","Abaseya","عباسية"
"417c401a-6bb9-41f0-82d6-8c83f7ff1f6a","68d03055-8404-4292-b234-7650a05e2b85","Sixth of October","السادس من أكتوبر"
"41f361ac-65f0-4801-a97e-a4cc6a2711f1","68d03055-8404-4292-b234-7650a05e2b85","Atfih","أطفيح"
"42f4874c-fd26-4769-bf4b-4fec7ebfb11b","a26a55b6-da6d-4307-b85f-27bffe1c0613","PorSaid","بورسعيد"
"43165c63-55fc-48a0-acf7-aed3e4b073da","42108f76-6716-46d3-a351-73e9579427df","New Qena","قنا الجديدة"
"435fde8f-edfe-4108-b71d-99f0530918b6","a027fbef-4a40-4e92-9a1f-f39598a71b59","Dabaa","الضبعة"
"43b76b62-f5c9-424f-b19a-b2dda324cbbc","f39be396-9993-4315-891c-b50232cf4f0b","Menouf","منوف"
"47545d6b-3209-4426-90e0-59e2e79f5af0","79d1b04c-b032-402e-8998-9ac689aac90c","Housh Eissa","حوش عيسى"
"496b3ab2-ac8c-4bd8-9a35-e6e479a116ea","53b9e522-2a1e-4ac7-b67c-2e11dc1b9414","Riyadh","الرياض"
"4c0b65da-be84-4ef0-b7dd-17eade9fb77c","13ce5741-79a2-4275-bd7a-dabf97c5d4a3","Abnoub","أبنوب"
"4c44a216-3364-4b70-9273-d52b98645d9a","91204aba-7e09-43eb-a90b-b73c9a529510","Dar AISalaam","دار السلام"
"4c5dac49-e964-4d2a-a9de-ae3514fa9d01","0e031498-ebc2-49fa-92fa-ff902e8670b9","New Heliopolis","مصر الجديدة"
"4cd61133-f762-4bde-8c21-f16b6035be94","284fdf07-79e2-4f7c-b66c-aa4ee6b0ba2c","Al Mahalla Al Kobra","المحلة الكبرى"
"4d131fb6-394e-4d0a-b9b1-996e629c9f85","0e031498-ebc2-49fa-92fa-ff902e8670b9","Ataba","العتبة"
"4e292e61-9305-4552-beef-a413e3fddbd0","e45f031f-e7a0-4119-a654-d6080a9883c0","Samalut","سمالوط"
"4ee4b2d4-0b64-4aef-896e-8e81d88ac985","c3d08e96-0d1a-4ace-a448-2ec1e913c0f8","Bani Sweif","بني سويف"
"4fa67bf8-fabb-494f-b6d3-879820b47413","3042500e-acdd-403f-b92f-bbe07890bc1e","Abu Sawir","أبو صوير"
"518cc2dd-7f54-4482-8102-1507001d5a84","c3d08e96-0d1a-4ace-a448-2ec1e913c0f8","Alabbaseri","الاباصيرى"
"52ea5cd9-625c-4279-98ad-adc2cf7594bc","0e031498-ebc2-49fa-92fa-ff902e8670b9","15 May","15 مايو"
"53261dde-80fb-4383-8021-228d2b52298d","0e031498-ebc2-49fa-92fa-ff902e8670b9","Badr City","مدينة بدر"
"533b6b33-1eab-4c6d-b67d-5c3a7e7d94e9","3b678af7-4d15-4d54-abec-90d75e3d63da","Zarqa","الزرقا"
"53630779-c2e7-4d4d-aace-07430bb81810","2996278b-ee64-4b73-807b-3a174f369bc0","Ain Sokhna","العين السخنة"
"53ac12b4-7832-4f9d-80d0-edc5eaf8228f","68d03055-8404-4292-b234-7650a05e2b85","Ard Ellwaa","ارض اللواء"
"53db6fff-9291-48c4-baef-86e1b2e66231","68d03055-8404-4292-b234-7650a05e2b85","Omraneya","العمرانية"
"53f54458-7eec-491c-921f-0f6b6045a259","0e031498-ebc2-49fa-92fa-ff902e8670b9","Zamalek","الزمالك"
"56e1fdd7-ff05-46b3-ac64-f4336d9bf76d","3042500e-acdd-403f-b92f-bbe07890bc1e","Kasasien El Gedida","القصاصين الجديدة"
"576b9fb7-6d32-43cd-bf70-707cc399efa5","0e031498-ebc2-49fa-92fa-ff902e8670b9","Helmeyat Alzaytoun","الحلمية"
"58f34372-1f2e-40ab-8e04-ca74cd527734","79d1b04c-b032-402e-8998-9ac689aac90c","Abu Homs","أبو حمص"
"5903bd79-d9b2-45b0-bc9e-36b93c7013ac","079c5bd3-7c9d-4a3b-a0a0-3bfeef68aaea","El Qurain","القرين"
"5996235f-bd02-4a16-9cd3-0e07233aae23","3b678af7-4d15-4d54-abec-90d75e3d63da","alruwda","الروضة"
"5a63054b-9889-4891-98e5-9a4070b6a3c1","06c92782-bd90-4b14-9f42-47c0f036bc2a","Al Qanater Charity","القناطر الخيرية"
"5a95cebf-648b-4ede-9295-81fea7eb1673","91204aba-7e09-43eb-a90b-b73c9a529510","El Maragha","المراغة"
"5abeb485-9b41-4e1a-b5fb-6d9a31fc52ba","352705bb-8b94-45b1-8e1f-529db29a6dc1","Paris","باريس"
"5b3df01d-2aa0-4feb-a791-4560100cbfda","f39be396-9993-4315-891c-b50232cf4f0b","Al Bagor","الباجور"
"5c02b872-6d8e-409a-b5f9-13d1c2c3db51","06c92782-bd90-4b14-9f42-47c0f036bc2a","Shibin Al Qanater","شبين القناطر"
"5c91b67e-0ba7-4ca3-a97a-c0b392bde4aa","79d1b04c-b032-402e-8998-9ac689aac90c","Edco","إدكو"
"5ccbe921-e8dc-4a11-ab18-c406e8b10252","91204aba-7e09-43eb-a90b-b73c9a529510","Saqilatuh","ساقلته"
"5d31f17e-029c-488a-82e0-49fd1edd7d61","91204aba-7e09-43eb-a90b-b73c9a529510","Sohag","سوهاج"
"5d39db3b-b8c0-4424-a720-69989e0ca2c1","0e031498-ebc2-49fa-92fa-ff902e8670b9","Mokattam","المقطم"
"5d3a46fe-7688-48d7-9309-d64b1e5a2fbc","b8db1201-8bfb-462f-809c-798b2bf52c15","Stanley","ستانلى"
"5e4ca7dc-e44a-4fff-8ce9-85b5474b2df4","68d03055-8404-4292-b234-7650a05e2b85","Smart Village","القرية الذكية"
"5e4e7647-a7ca-4387-8167-d61e8dd5e3d3","74051a48-74ed-4cbd-b004-de75b0e9c9ca","Nakhl","نخل"
"5e5d4abc-0704-44e2-8704-dd33a4cf9781","68d03055-8404-4292-b234-7650a05e2b85","Kafr Ghati","كفر غطاطي"
"5e864ba8-ee44-440c-8002-bdc69d0c681f","b8db1201-8bfb-462f-809c-798b2bf52c15","Bourj Alarab","برج العرب"
"5f577ea6-1d16-4c1d-a0a5-1d2fadf49934","b8db1201-8bfb-462f-809c-798b2bf52c15","Anfoushi","الانفوشى"
"5f6eaf6a-45b4-4a86-b84d-79c7d1832fd2","91204aba-7e09-43eb-a90b-b73c9a529510","almunsha'a","المنشأة"
"5f7f1e77-32bf-4786-99e5-0538f5b6f270","9c46ad38-28c4-4617-8e5f-37fb080fd935","Belqas","بلقاس"
"6065b450-2c7f-42a5-b561-a0c06519cd98","06c92782-bd90-4b14-9f42-47c0f036bc2a","Khanka","الخانكة"
"607a87c8-209a-40ba-b96b-a2c705876149","0e031498-ebc2-49fa-92fa-ff902e8670b9","Bolaq","بولاق"
"60c05291-232d-4758-809a-bea5c935907e","91204aba-7e09-43eb-a90b-b73c9a529510","Akhmim El Gedida","أخميم الجديدة"
"615d58e6-9dcb-4944-bcb1-311bddbb6016","079c5bd3-7c9d-4a3b-a0a0-3bfeef68aaea","Awlad Saqr","أولاد صقر"
"6220ce89-a3bf-4c09-a33b-ccb2528eece3","53b9e522-2a1e-4ac7-b67c-2e11dc1b9414","Bella","بيلا"
"62df109f-7eb1-42e0-9bde-10a2be387cde","b327b449-1086-4f24-8198-8687626148e5","Abu Redis","أبو رديس"
"638b8ca2-376e-43f8-bad6-eb5ddb50121f","9c46ad38-28c4-4617-8e5f-37fb080fd935","Mansoura","المنصورة"
"639a18a8-9553-4b37-a904-19f31298e4c0","68d03055-8404-4292-b234-7650a05e2b85","Abu Rawash","أبو رواش"
"647f49ab-05a3-47c7-8907-17c74c90d9cf","b327b449-1086-4f24-8198-8687626148e5","Al Toor","الطور"
"64818606-abfe-4fd2-9e96-fcfed7b2b5f4","b8db1201-8bfb-462f-809c-798b2bf52c15","Shads","شدس"
"64f48165-b7ca-44e5-a41f-cf8e79b618cd","13ce5741-79a2-4275-bd7a-dabf97c5d4a3","Assiut El Gedida","أسيوط الجديدة"
"650bb5d1-13cd-4205-b628-c3fd3d56f2f2","e45f031f-e7a0-4119-a654-d6080a9883c0","El Adwa","العدوة"
"667b5d02-8432-487c-b329-d568d1065375","760952a9-ac9d-4e50-9ce9-64896ac1dacf","Halaib","حلايب"
"679ece06-1749-4108-a893-ad6c94f8bd61","b327b449-1086-4f24-8198-8687626148e5","Ras Sidr","رأس سدر"
"67cd8ed5-8cb6-4f7f-9d0c-c2e5e386e851","44f2ea24-a065-49a1-be21-ae0a2c581a76","Epschway","إبشواي"
"69a6331b-216e-4b0c-bfaa-c6b6871220dc","b327b449-1086-4f24-8198-8687626148e5","Dahab","دهب"
"69a821a4-e7d8-466c-ae44-f871d2cc09c8","b8db1201-8bfb-462f-809c-798b2bf52c15","Moharam Bek","محرم بك"
"6ab1d0a6-da6c-41f3-811c-eb1613a12dfc","9c46ad38-28c4-4617-8e5f-37fb080fd935","Mit Ghamr","ميت غمر"
"6bc56b9a-5661-413e-82a6-1e5c13e13318","53b9e522-2a1e-4ac7-b67c-2e11dc1b9414","Desouq","دسوق"
"6c45f3f0-746e-418e-97c1-8d51c97109f5","3b678af7-4d15-4d54-abec-90d75e3d63da","Faraskour","فارسكور"
"6c5705b4-fc09-4dae-abe8-65f95d0aa846","a027fbef-4a40-4e92-9a1f-f39598a71b59","Salloum","السلوم"
"6e0405f3-cb54-472d-98fb-e9b929f3b02c","68d03055-8404-4292-b234-7650a05e2b85","Agouza","العجوزة"
"6f6641c5-98e3-4439-b9bb-f8938c5d42f6","079c5bd3-7c9d-4a3b-a0a0-3bfeef68aaea","Faccus","فاقوس"
"6fbcf9f7-1c7e-4efb-ac89-239e8b326119","b8db1201-8bfb-462f-809c-798b2bf52c15","Dekheila","الدخيلة"
"71894e2b-6650-4041-89c3-41a6f6221cbc","9c46ad38-28c4-4617-8e5f-37fb080fd935","Talkha","طلخا"
"726c19de-a866-4bec-8213-22fc524baec0","68d03055-8404-4292-b234-7650a05e2b85","Cheikh Zayed","الشيخ زايد"
"7467aadc-01ed-47f8-aa3a-2575a6325c15","9c46ad38-28c4-4617-8e5f-37fb080fd935","Sinbillawin","السنبلاوين"
"767f3c73-7a5a-4616-aa6a-e0829b483aa9","79d1b04c-b032-402e-8998-9ac689aac90c","Badr","بدر"
"76b6c63d-4712-4df4-a33b-e96e5d4cb726","0e031498-ebc2-49fa-92fa-ff902e8670b9","El darrasa","الدراسة"
"770f1f98-a24c-4242-9454-21ea382889d3","44f2ea24-a065-49a1-be21-ae0a2c581a76","Fayoum","الفيوم"
"7792d873-227d-4af8-a5f8-54cafec06209","c3d08e96-0d1a-4ace-a448-2ec1e913c0f8","Beni Suef El Gedida","بني سويف الجديدة"
"7836bf74-5f75-4a12-8234-416f6f4c9c3e","079c5bd3-7c9d-4a3b-a0a0-3bfeef68aaea","Manshayat Abu Omar","منشأة أبو عمر"
"783f17fb-e76a-481a-b13e-07c8db9bca4b","06c92782-bd90-4b14-9f42-47c0f036bc2a","Obour","العبور"
"795c03db-4a03-432c-907b-caca1a813fec","a26a55b6-da6d-4307-b85f-27bffe1c0613","Almanakh","حى المناخ"
"7a8b5acf-0160-480b-b297-d5fc87ae2a10","79d1b04c-b032-402e-8998-9ac689aac90c","Wadi Natrun","وادي النطرون"
"7b1e4048-c90b-45d3-86cd-8a4c90c2306a","0e031498-ebc2-49fa-92fa-ff902e8670b9","Maadi","المعادى"
"7cf04c40-24b0-4641-8f34-403d9c71fd17","91204aba-7e09-43eb-a90b-b73c9a529510","Jahina Al Gharbia","جهينة الغربية"
"7daf7613-81a2-4063-b96c-0c2fa5577bbb","f79d8036-7565-447b-b022-2892b14d78d0","Esna","إسنا"
"7f3a43af-234d-4223-aa31-eb7025d1907f","0e031498-ebc2-49fa-92fa-ff902e8670b9","Tura","طره"
"7f87642c-df22-469f-8985-35e34a492328","a027fbef-4a40-4e92-9a1f-f39598a71b59","Marina","مارينا"
"7fca0ab9-fafb-4805-b962-e218a7122cf1","079c5bd3-7c9d-4a3b-a0a0-3bfeef68aaea","Qenaiat","القنايات"
"8075313c-82f7-4eeb-ae27-2bf6b4820bb0","44f2ea24-a065-49a1-be21-ae0a2c581a76","Etsa","إطسا"
"8123325a-285b-497e-bfe2-4c98de6ee361","3042500e-acdd-403f-b92f-bbe07890bc1e","Sheikh Zayed","الشيخ زايد"
"816f7742-16e3-4fd0-bb30-5c057d3c4327","68d03055-8404-4292-b234-7650a05e2b85","Imbaba","امبابة"
"81d50d54-d4e3-48e7-a6e9-827dcac9ddb8","42108f76-6716-46d3-a351-73e9579427df","Abu Tesht","ابو طشت"
"825f029f-0ce1-47a4-a8f0-91bf402a9821","f39be396-9993-4315-891c-b50232cf4f0b","Quesna","قويسنا"
"82a0f1ea-21d6-4872-a002-51a7150d8325","2996278b-ee64-4b73-807b-3a174f369bc0","Faysal","فيصل"
"8381048e-62f2-470b-bfc8-751f611edbaf","b8db1201-8bfb-462f-809c-798b2bf52c15","Asafra","العصافرة"
"83905d7d-3f24-4776-ad8e-02455dfce158","b8db1201-8bfb-462f-809c-798b2bf52c15","Cleopatra","كليوباترا"
"83fde7c9-ed3f-448b-a238-0d45700cf665","079c5bd3-7c9d-4a3b-a0a0-3bfeef68aaea","Al Ashr Men Ramadan","العاشر من رمضان"
"8431de81-ad43-4e50-ac78-5edac9850362","3b678af7-4d15-4d54-abec-90d75e3d63da","Azbet Al Burg","عزبة البرج"
"850647cd-5806-4176-a506-b7d4c14005f7","44f2ea24-a065-49a1-be21-ae0a2c581a76","Algamaa","الجامعة"
"85d6cfef-c38d-48cb-aa7a-a347433f3ae4","0e031498-ebc2-49fa-92fa-ff902e8670b9","El Daher","الظاهر"
"876e4ae7-7381-426f-a33b-cfd3461cbbe2","b8db1201-8bfb-462f-809c-798b2bf52c15","Glim","جليم"
"88153156-3766-4269-86f3-3c1e53b8bc84","0e031498-ebc2-49fa-92fa-ff902e8670b9","Garden City","جاردن سيتى"
"887a9705-51ae-4610-b176-fe973b737366","68d03055-8404-4292-b234-7650a05e2b85","Mohandessin","المهندسين"
"88b7ba5e-f473-4598-b50f-c8e6b4e002f4","b8db1201-8bfb-462f-809c-798b2bf52c15","Mahta Alraml","محطة الرمل"
"89ad3fd0-925c-49e0-ac06-6ee62cbfe4ba","a027fbef-4a40-4e92-9a1f-f39598a71b59","Sidi Brani","سيدي براني"
"89c97da4-9ab7-47c9-8011-dc2422e775ae","0e031498-ebc2-49fa-92fa-ff902e8670b9","Capital New","العاصمة الإدارية"
"8abc3477-31f4-4286-a295-ca3628ff7256","68d03055-8404-4292-b234-7650a05e2b85","Al Badrasheen","البدرشين"
"8ac1833f-e633-4c29-98ac-7746f27d6f3a","44f2ea24-a065-49a1-be21-ae0a2c581a76","Yusuf El Sediaq","يوسف الصديق"
"8cac7033-0e28-4c83-86e7-0a29759fb0cd","0e031498-ebc2-49fa-92fa-ff902e8670b9","El Marg","المرج"
"8cbbff45-132e-4f5f-ae12-55fcb7c5ba60","2996278b-ee64-4b73-807b-3a174f369bc0","Ataqah","عتاقة"
"8cc97ac9-dca8-41c7-b04d-3b39cbefdf36","0e031498-ebc2-49fa-92fa-ff902e8670b9","Nasr City","مدينة نصر"
"8cd78c36-b4cb-49f7-903d-23a7ff6fda9b","c3d08e96-0d1a-4ace-a448-2ec1e913c0f8","Mokbel","مقبل"
"8d3a3dc7-af74-4682-a853-1f75da03d6fc","68d03055-8404-4292-b234-7650a05e2b85","Dokki","الدقى"
"8dd942c8-2ce7-4ae7-b0d5-a55b66276b00","079c5bd3-7c9d-4a3b-a0a0-3bfeef68aaea","Abu Hammad","أبو حماد"
"8df67344-ddf6-4625-8d80-e243feae1549","079c5bd3-7c9d-4a3b-a0a0-3bfeef68aaea","Husseiniya","الحسينية"
"8e1392a4-e66f-4594-995c-ed6802230b8e","9c46ad38-28c4-4617-8e5f-37fb080fd935","Bani Ubaid","بني عبيد"
"8ef031c9-90f4-48a0-9d40-980513fa5376","91204aba-7e09-43eb-a90b-b73c9a529510","Sohag El Gedida","سوهاج الجديدة"
"8f5f1d69-b9ba-4306-8cb0-c782a0a26e83","0e031498-ebc2-49fa-92fa-ff902e8670b9","El Salam","السلام"
"8f835503-916b-44fa-b512-3a4ad932de83","44f2ea24-a065-49a1-be21-ae0a2c581a76","Sayala","السيالة"
"8f9aa56d-29bb-40b6-a752-9b9be0a05462","42108f76-6716-46d3-a351-73e9579427df","Alwaqf","الوقف"
"90203b9c-d1f4-44e1-b25d-3ea849eb48c3","13ce5741-79a2-4275-bd7a-dabf97c5d4a3","El Badari","البداري"
"9056318a-4600-4680-af86-1b4efb96af8e","f39be396-9993-4315-891c-b50232cf4f0b","Ashmon","أشمون"
"9082486c-610b-4f9e-8ac4-7de62591f57c","a26a55b6-da6d-4307-b85f-27bffe1c0613","Port Fouad","بورفؤاد"
"909b9775-dcf8-489c-a1a4-b367bae7e6f9","53b9e522-2a1e-4ac7-b67c-2e11dc1b9414","Metobas","مطوبس"
"91427698-cfe9-4bf9-9421-b0627f642d5f","79d1b04c-b032-402e-8998-9ac689aac90c","Itai Baroud","إيتاي البارود"
"919db077-60fa-4599-9749-57c7d5c763de","68d03055-8404-4292-b234-7650a05e2b85","Haram","الهرم"
"9255c2cf-e63b-4692-9726-c09211a89e67","c3d08e96-0d1a-4ace-a448-2ec1e913c0f8","beba","ببا"
"92677835-27f9-4c5b-ab1c-49e6831a0e34","91204aba-7e09-43eb-a90b-b73c9a529510","Akhmeem","أخميم"
"92990ac8-4eb8-4685-b04c-da8e62e4442d","b8db1201-8bfb-462f-809c-798b2bf52c15","Bab Sharq","باب شرق"
"93d16ef3-0507-4235-bed0-3f2ab15e06c2","b8db1201-8bfb-462f-809c-798b2bf52c15","El Montaza","المنتزه"
"976fbf92-18c7-4868-8fbc-1fe2a388fbc8","74051a48-74ed-4cbd-b004-de75b0e9c9ca","Arish","العريش"
"97caed16-7fa7-49df-97a1-20c861438da8","b8db1201-8bfb-462f-809c-798b2bf52c15","Al Max","المكس"
"9839ca06-df1a-4f88-a303-0c4926c845e2","9c46ad38-28c4-4617-8e5f-37fb080fd935","Aga","أجا"
"987b45a5-e118-4c75-a1d3-b40c9203c247","760952a9-ac9d-4e50-9ce9-64896ac1dacf","Hurghada","الغردقة"
"99e1d5c2-19ca-4542-a431-c19246004d7a","f41e715d-4d7c-4468-aaa1-47a00a9b9750","Kalabsha","كلابشة"
"99f5422e-972c-4847-81d7-b9cf4485b27a","f41e715d-4d7c-4468-aaa1-47a00a9b9750","Edfu","إدفو"
"9a9d747d-bfc3-415c-b94e-eae9bbf44ed2","0e031498-ebc2-49fa-92fa-ff902e8670b9","Al Basatin","البساتين"
"9be8b8c6-3efa-4d7e-a4c5-3799aeadd394","79d1b04c-b032-402e-8998-9ac689aac90c","Kafr El Dawar","كفر الدوار"
"9df7fbbd-318f-4e47-9e08-4bb0bf60c0ea","0e031498-ebc2-49fa-92fa-ff902e8670b9","Katameya","القطامية"
"9e8934b0-14e9-4a42-a254-5d72bd76d738","f39be396-9993-4315-891c-b50232cf4f0b","Al Shohada","الشهداء"
"9ec933c6-9013-450e-a642-11577375b84a","68d03055-8404-4292-b234-7650a05e2b85","Al Wahat Al Baharia","الواحات البحرية"
"9f445b7d-7600-4b99-87e0-648da1b86da0","9c46ad38-28c4-4617-8e5f-37fb080fd935","Nabroh","نبروه"
"9f942ed8-5bd2-4a8c-bf0f-86151783245f","079c5bd3-7c9d-4a3b-a0a0-3bfeef68aaea","Zagazig","الزقازيق"
"a0077229-32b7-49e3-89c0-404af542a80c","284fdf07-79e2-4f7c-b66c-aa4ee6b0ba2c","Basion","بسيون"
"a26cb336-6933-48d5-8e9b-1882827828ac","b8db1201-8bfb-462f-809c-798b2bf52c15","Victoria","فيكتوريا"
"a28eb83c-e958-43e3-8e3a-27e394cee8ab","44f2ea24-a065-49a1-be21-ae0a2c581a76","Snores","سنورس"
"a3bc9449-6083-410e-ad3f-c30ae567d33b","0e031498-ebc2-49fa-92fa-ff902e8670b9","Abdeen","عابدين"
"a4685599-4190-4bff-a378-ba0c79d93829","2996278b-ee64-4b73-807b-3a174f369bc0","Alganayen","الجناين"
"a4f12a58-cce3-497b-a2a7-d01d31e50501","3b678af7-4d15-4d54-abec-90d75e3d63da","Ras El Bar","رأس البر"
"a5578bb3-9e3a-41f8-a5bd-fa7e1abc4d95","0e031498-ebc2-49fa-92fa-ff902e8670b9","Madinty","مدينتي"
"a72f83bf-fed6-40fc-abb8-4b3ecaf8792a","a26a55b6-da6d-4307-b85f-27bffe1c0613","Aldawahi","حى الضواحى"
"a978acfd-2f8a-4910-a047-c7ec44d1fe9c","2996278b-ee64-4b73-807b-3a174f369bc0","Suez","السويس"
"a9917d8c-648a-42b8-b6a2-86567ba57a0d","0e031498-ebc2-49fa-92fa-ff902e8670b9","Masr Al Qadima","مصر القديمة"
"a9c4dd86-ec10-41c7-b8c8-4dd84e5ca4c3","f41e715d-4d7c-4468-aaa1-47a00a9b9750","Nasr Al Nuba","نصر النوبة"
"aa82cfd0-e90c-43c1-a34a-3c608e0097c1","b8db1201-8bfb-462f-809c-798b2bf52c15","Bakos","بكوس"
"aba9f263-c745-46ad-aab1-062bfb47d7d9","9c46ad38-28c4-4617-8e5f-37fb080fd935","Menia El Nasr","منية النصر"
"ac998ea8-357d-4351-a312-e38bf0cb59f7","13ce5741-79a2-4275-bd7a-dabf97c5d4a3","Qusiya","القوصية"
"aca40902-b06b-464e-890e-7c77cc83fff7","0e031498-ebc2-49fa-92fa-ff902e8670b9","Bab al-Shereia","باب الشعرية"
"af87d137-196a-4718-a248-738e8ddbfc7e","079c5bd3-7c9d-4a3b-a0a0-3bfeef68aaea","Belbeis","بلبيس"
"b08a6ecf-1b2e-4594-870c-c1ccd33cb645","f41e715d-4d7c-4468-aaa1-47a00a9b9750","Aswan","أسوان"
"b1ffa8c6-d74b-408c-a651-44b7fc9c831a","b327b449-1086-4f24-8198-8687626148e5","Abu Zenaima","أبو زنيمة"
"b41c6a34-0a4b-4996-acac-b0c78ac81e01","079c5bd3-7c9d-4a3b-a0a0-3bfeef68aaea","Kafr Saqr","كفر صقر"
"b75143a9-86c2-4509-a12c-906937dd10f3","c3d08e96-0d1a-4ace-a448-2ec1e913c0f8","Somasta","سمسطا"
"b8b57917-5f4f-4b06-aeb4-dbba548b59f9","53b9e522-2a1e-4ac7-b67c-2e11dc1b9414","Sidi Ghazi","سيدي غازي"
"b8d66c33-1f27-4a0f-a9a1-9a0518d3cd78","e45f031f-e7a0-4119-a654-d6080a9883c0","Mattay","مطاي"
"b985c14e-8240-4c11-b2f1-3442c8ab7e1d","f79d8036-7565-447b-b022-2892b14d78d0","Armant","أرمنت"
"bb35ad61-cc62-4b56-b22e-37d3cc0cc2d5","b8db1201-8bfb-462f-809c-798b2bf52c15","Mansheya","المنشية"
"bc165b07-11ac-4056-b7b5-efccb6c62d05","3b678af7-4d15-4d54-abec-90d75e3d63da","Meet Abou Ghalib","ميت أبو غالب"
"bc298f23-fed0-4d70-98a5-f0792e989edf","42108f76-6716-46d3-a351-73e9579427df","Qena","قنا"
"bc51b550-1b61-4f89-ad4a-0d7fb72217f1","3042500e-acdd-403f-b92f-bbe07890bc1e","El Tal El Kabier","التل الكبير"
"bd44ce9b-3cd1-4d9b-a6c0-61a1f179020c","06c92782-bd90-4b14-9f42-47c0f036bc2a","Khosous","الخصوص"
"bea548d1-2939-4f13-bfa5-8e54c859431e","06c92782-bd90-4b14-9f42-47c0f036bc2a","Banha","بنها"
"bee2fe86-c473-4680-8117-cf91efce8e5d","a027fbef-4a40-4e92-9a1f-f39598a71b59","Alamein","العلمين"
"bfb1f7fd-0aea-4391-8964-2afbf06edb95","68d03055-8404-4292-b234-7650a05e2b85","Kerdasa","كرداسة"
"c03fa907-1118-48d1-a083-b114dec36331","f41e715d-4d7c-4468-aaa1-47a00a9b9750","Aswan El Gedida","أسوان الجديدة"
"c0978d93-0b2b-4196-a78b-58dd8f82d2dd","b8db1201-8bfb-462f-809c-798b2bf52c15","Marina","مارينا"
"c1242ec1-9d5a-4a01-9205-d6ab0662c43e","44f2ea24-a065-49a1-be21-ae0a2c581a76","Fayoum El Gedida","الفيوم الجديدة"
"c17faa00-9641-4a03-a4f7-f08a6baf95e0","b8db1201-8bfb-462f-809c-798b2bf52c15","El Labban","اللبان"
"c3634029-3218-4d45-8187-784412fa3542","06c92782-bd90-4b14-9f42-47c0f036bc2a","Tukh","طوخ"
"c4fe3c40-1ab4-4444-aa01-e502821b9ef9","284fdf07-79e2-4f7c-b66c-aa4ee6b0ba2c","Tanta","طنطا"
"c5da82b0-1569-4844-be05-aa991fc118e4","b8db1201-8bfb-462f-809c-798b2bf52c15","Alhadra","الحضرة"
"c6e84580-7fb3-4457-af38-4757584cb1f8","b8db1201-8bfb-462f-809c-798b2bf52c15","Mina El-Basal","مينا البصل"
"c85d4de4-db46-4571-9306-c45ffa2a21bf","68d03055-8404-4292-b234-7650a05e2b85","Al Ayat","العياط"
"c880d1e6-09fe-4b58-ba97-7ceb04acd012","f39be396-9993-4315-891c-b50232cf4f0b","Tala","تلا"
"c920eb9a-4dfa-4ec9-987a-382edd943810","f79d8036-7565-447b-b022-2892b14d78d0","Al ziynia","الزينية"
"c97cf67a-f494-46e8-a7fa-ba6d96e6abd2","91204aba-7e09-43eb-a90b-b73c9a529510","Tama","طما"
"c9bbf216-5a7d-4ff0-905c-869e7db66dbc","b8db1201-8bfb-462f-809c-798b2bf52c15","Al Ibrahimeyah","الابراهيمية"
"cb578fa4-9f0e-46e3-a96a-c8661bea0bb0","74051a48-74ed-4cbd-b004-de75b0e9c9ca","Bir al-Abed","بئر العبد"
"cc45c890-9bf5-423b-9e49-941868dd50d6","3042500e-acdd-403f-b92f-bbe07890bc1e","Nefesha","نفيشة"
"cc5c56ac-276f-425d-9a49-122146b44009","f41e715d-4d7c-4468-aaa1-47a00a9b9750","Al Sibaeia","السباعية"
"cc8de55f-39b0-4f1a-81d0-503abf20d308","3042500e-acdd-403f-b92f-bbe07890bc1e","Qantara Gharb","القنطرة غرب"
"cd10c4b3-7529-4f72-b7f7-4a1e8b92d0f9","b8db1201-8bfb-462f-809c-798b2bf52c15","Agamy","العجمي"
"cd3074fa-9a72-4999-9ab7-96b234da4060","0e031498-ebc2-49fa-92fa-ff902e8670b9","Al Azbakeyah","الازبكية"
"cdf32b10-4e46-411e-9c89-74faf10f6ef7","68d03055-8404-4292-b234-7650a05e2b85","Giza","الجيزة"
"ceb08d8d-133b-4b8e-a444-cc4d7c98b4ca","b8db1201-8bfb-462f-809c-798b2bf52c15","Ameria","العامرية"
"cedbf8db-0694-44db-be7b-323ae3251ef9","13ce5741-79a2-4275-bd7a-dabf97c5d4a3","El Ghanaim","الغنايم"
"cf594421-53ac-4b88-b0b5-79251b47b8b6","352705bb-8b94-45b1-8e1f-529db29a6dc1","Balat","بلاط"
"cf8ea9a0-df76-4ffb-b47b-c0b7fa1e4bce","b8db1201-8bfb-462f-809c-798b2bf52c15","Camp Shizar","كامب شيزار"
"d0afcd46-5cb9-4201-a1dc-261da268985f","53b9e522-2a1e-4ac7-b67c-2e11dc1b9414","Masief Baltim","مصيف بلطيم"
"d0f039d4-a79e-4e52-bef9-ef37e7f58aac","3b678af7-4d15-4d54-abec-90d75e3d63da","New Damietta","دمياط الجديدة"
"d1b26f02-8216-401d-88bc-f5737ba053aa","0e031498-ebc2-49fa-92fa-ff902e8670b9","Manyal","المنيل"
"d211ed18-3c15-4b74-bbd4-e179bd4de7a6","0e031498-ebc2-49fa-92fa-ff902e8670b9","Maasara","المعصرة"
"d23285b4-a9c0-4102-9103-7f1fcef7853f","079c5bd3-7c9d-4a3b-a0a0-3bfeef68aaea","Minya Al Qamh","منيا القمح"
"d23c4e0e-f073-4439-bc7b-16587c381cf1","079c5bd3-7c9d-4a3b-a0a0-3bfeef68aaea","Hehia","ههيا"
"d2525c6c-d5e8-4e82-bafa-785e682e884b","079c5bd3-7c9d-4a3b-a0a0-3bfeef68aaea","Abu Kabir","أبو كبير"
"d26081d1-e928-4ddd-9fb0-d9e5c17dd829","760952a9-ac9d-4e50-9ce9-64896ac1dacf","Shalatin","الشلاتين"
"d262dadf-c637-4e1e-9788-83edcf861eb1","b8db1201-8bfb-462f-809c-798b2bf52c15","Fleming","فلمينج"
"d28c4f2b-f7fb-47ce-91ae-2fd42940a8b0","42108f76-6716-46d3-a351-73e9579427df","Nag Hammadi","نجع حمادي"
"d291b510-ab7a-4182-8c99-4cfe413de3d8","0e031498-ebc2-49fa-92fa-ff902e8670b9","Hadayek El-Kobba","حدائق القبة"
"d2be269d-1245-4cd6-847b-79178bb790c8","a027fbef-4a40-4e92-9a1f-f39598a71b59","El Hamam","الحمام"
"d304ee19-46dc-4ed7-afd4-2b890b83160b","f41e715d-4d7c-4468-aaa1-47a00a9b9750","Abo Simbl Al Siyahia","ابوسمبل السياحية"
"d3736aba-b05a-445b-a38c-ba7979d92180","06c92782-bd90-4b14-9f42-47c0f036bc2a","Shubra Al Khaimah","شبرا الخيمة"
"d3998d7c-6ca2-4e7e-9436-d6a153c768b4","3b678af7-4d15-4d54-abec-90d75e3d63da","Damietta","دمياط"
"d606722b-ec4f-477b-a084-4325cf714ea8","760952a9-ac9d-4e50-9ce9-64896ac1dacf","Ras Ghareb","رأس غارب"
"d62c4678-c563-4bd4-993e-a4a83a3ee5ea","06c92782-bd90-4b14-9f42-47c0f036bc2a","Kafr Shukr","كفر شكر"
"d7235bd9-4f07-4a33-8204-79a0e1cbc1dc","0e031498-ebc2-49fa-92fa-ff902e8670b9","Kasr El Nile","قصر النيل"
"d7630688-396d-40fe-b7bf-209b04266263","9c46ad38-28c4-4617-8e5f-37fb080fd935","tami al'amdid","تمي الأمديد"
"d7924872-d5e7-4282-aa5d-72dc5aa6b3a8","284fdf07-79e2-4f7c-b66c-aa4ee6b0ba2c","El Santa","السنطة"
"d8343360-2e35-459a-b610-a65e01d45e29","68d03055-8404-4292-b234-7650a05e2b85","Oaseem","أوسيم"
"d8d1ae15-819d-4319-ae77-5865b5e5512d","53b9e522-2a1e-4ac7-b67c-2e11dc1b9414","Sidi Salm","سيدي سالم"
"da4aec54-4d08-4b2b-869b-b0928996e2d7","74051a48-74ed-4cbd-b004-de75b0e9c9ca","Al Hasana","الحسنة"
"dad0eedc-d1b0-4d33-a813-a538dc8f657b","f39be396-9993-4315-891c-b50232cf4f0b","Sadat City","مدينة السادات"
"db2d1041-9bc4-4b96-9b96-bbcc25984dc8","3b678af7-4d15-4d54-abec-90d75e3d63da","Kafr El-Batikh","كفر البطيخ"
"db464fac-2c53-47db-b3de-0cab8a1330e9","b8db1201-8bfb-462f-809c-798b2bf52c15","Sidi Gaber","سيدي جابر"
"dbd440c9-2fd2-40f3-ac93-165a46269208","f39be396-9993-4315-891c-b50232cf4f0b","Sars El-Layan","سرس الليان"
"dbd4622a-d716-4037-8ac5-d68e37ee5f6d","0e031498-ebc2-49fa-92fa-ff902e8670b9","Shubra","شبرا"
"dc43c83b-1596-47e3-b278-2848dcec5653","f79d8036-7565-447b-b022-2892b14d78d0","Al Bayadieh","البياضية"
"dceb58f5-a057-437c-bbe6-8debce24a924","13ce5741-79a2-4275-bd7a-dabf97c5d4a3","Abu Tig","أبو تيج"
"dd60c049-6eed-439b-8f0f-a1e67de4feae","e45f031f-e7a0-4119-a654-d6080a9883c0","Abu Qurqas","ابو قرقاص"
"ddab4a1e-caee-4377-9d2e-5cb183ab183e","079c5bd3-7c9d-4a3b-a0a0-3bfeef68aaea","El Salihia El Gedida","الصالحية الجديدة"
"de7900f8-1c2e-4b3c-8038-a7c9d30fa54d","13ce5741-79a2-4275-bd7a-dabf97c5d4a3","Sahel Selim","ساحل سليم"
"def4d88f-01c1-4578-a9fd-df0e3eb0f663","0e031498-ebc2-49fa-92fa-ff902e8670b9","Matareya","المطرية"
"e00527bf-f1ec-4137-9088-b8b360728b4b","b8db1201-8bfb-462f-809c-798b2bf52c15","Smouha","سموحة"
"e0d62789-94fe-479d-a1cf-2d6a75fe1e85","9c46ad38-28c4-4617-8e5f-37fb080fd935","aljamalia","الجمالية"
"e1b83b3c-b682-41be-ba62-b38122ba9522","68d03055-8404-4292-b234-7650a05e2b85","Bin Alsarayat","بين السرايات"
"e2ac16c0-fcb0-4b56-9d70-f6619fcab4bf","b8db1201-8bfb-462f-809c-798b2bf52c15","Ambrozo","امبروزو"
"e2d428f7-ab82-4fce-b796-a77c9ae34248","b8db1201-8bfb-462f-809c-798b2bf52c15","Elgomrok","الجمرك"
"e33b601f-75ec-4664-b8d8-bf574c029638","b8db1201-8bfb-462f-809c-798b2bf52c15","Boulkly","بولكلي"
"e457d429-097c-4389-b354-bd4821def0da","b8db1201-8bfb-462f-809c-798b2bf52c15","Alattarin","العطارين"
"e4cb07fc-8878-4e83-9577-768c8133fce5","53b9e522-2a1e-4ac7-b67c-2e11dc1b9414","Fooh","فوه"
"e57913e8-88a4-4541-b0ef-4e59be846b68","74051a48-74ed-4cbd-b004-de75b0e9c9ca","Sheikh Zowaid","الشيخ زويد"
"e5981462-3e13-4870-99fa-2692566a2efd","c3d08e96-0d1a-4ace-a448-2ec1e913c0f8","Ehnasia","إهناسيا"
"e5dd1e44-2c51-435f-a4b0-5ab38dea8449","a027fbef-4a40-4e92-9a1f-f39598a71b59","Al-Nagila","النجيلة"
"e5eb590d-f5df-40a5-bb25-363927c5af05","352705bb-8b94-45b1-8e1f-529db29a6dc1","Dakhla","الداخلة"
"e5f33b82-a04e-4be9-940e-c38d0716d0fc","42108f76-6716-46d3-a351-73e9579427df","Deshna","دشنا"
"e6f4542a-80b7-4838-82be-7de6ad0598ac","79d1b04c-b032-402e-8998-9ac689aac90c","Mahmoudiyah","المحمودية"
"e7328297-cd07-480b-8c35-80f8682ce5d7","0e031498-ebc2-49fa-92fa-ff902e8670b9","Mansheya Nasir","منشية ناصر"
"e780c9bc-b49a-48b5-a403-a4190a17cef8","f41e715d-4d7c-4468-aaa1-47a00a9b9750","Kom Ombo","كوم أمبو"
"e8569fcc-b00a-4888-a917-3502d23c10d5","68d03055-8404-4292-b234-7650a05e2b85","Hadayek Alahram","حدائق الأهرام"
"e88cbbef-8e99-46bf-9936-1d435606f287","68d03055-8404-4292-b234-7650a05e2b85","Kit Kat","الكيت كات"
"e92b3436-c9c5-4f7c-95e8-ed8de6285ec6","f39be396-9993-4315-891c-b50232cf4f0b","Berkat El Saba","بركة السبع"
"e9b29565-7365-4240-a0a5-9111de58fbb4","b8db1201-8bfb-462f-809c-798b2bf52c15","Sidi Bishr","سيدى بشر"
"ea5e74ea-1315-4b49-be39-3d3b897ac7b9","42108f76-6716-46d3-a351-73e9579427df","Farshout","فرشوط"
"eb32f4aa-988c-4e1e-bb71-90bb9043f4df","0e031498-ebc2-49fa-92fa-ff902e8670b9","Zawya al-Hamra","الزاوية الحمراء"
"ed0204fd-dda6-4943-9061-950f726aee28","f79d8036-7565-447b-b022-2892b14d78d0","Al Tud","الطود"
"ed65d0f4-ee6c-4e72-ae31-a25edda7420f","f79d8036-7565-447b-b022-2892b14d78d0","New Luxor","الأقصر الجديدة"
"edc37382-468a-43db-83d4-98ac28f68521","0e031498-ebc2-49fa-92fa-ff902e8670b9","Mosky","الموسكى"
"ee231a61-8825-46da-b302-c24032bc8718","13ce5741-79a2-4275-bd7a-dabf97c5d4a3","Sidfa","صدفا"
"ef253bdd-9041-4a1e-808c-cdbd95eb2280","42108f76-6716-46d3-a351-73e9579427df","Qaft","قفط"
"efabd167-bf62-4e2d-86cd-602d13f9eef6","79d1b04c-b032-402e-8998-9ac689aac90c","Rahmaniyah","الرحمانية"
"f03691ee-ca5b-4ee1-abde-11548cfdf025","68d03055-8404-4292-b234-7650a05e2b85","Hadayek October","حدائق اكتوبر"
"f0a9110c-3b1f-4aaa-a8ea-ecbc509c0fa0","74051a48-74ed-4cbd-b004-de75b0e9c9ca","Rafah","رفح"
"f0c4bf6f-5849-4d17-928b-58248c6f401b","68d03055-8404-4292-b234-7650a05e2b85","Al-Bawaiti","الباويطي"
"f1baf7a3-4c2e-4294-843a-54f6db9b85cd","0e031498-ebc2-49fa-92fa-ff902e8670b9","New Cairo","القاهرة الجديدة"
"f1cf7c52-2d90-413f-acc6-7ea012d8c6fc","68d03055-8404-4292-b234-7650a05e2b85","Warraq","الوراق"
"f1ff4bda-0464-4e5a-9659-e4b949dc5248","e45f031f-e7a0-4119-a654-d6080a9883c0","Minya","المنيا"
"f232f44b-1623-479e-9fc3-9034a3f2b9eb","53b9e522-2a1e-4ac7-b67c-2e11dc1b9414","Qellen","قلين"
"f323a61d-86b3-42ef-b201-93db152faa9f","91204aba-7e09-43eb-a90b-b73c9a529510","Gerga","جرجا"
"f38d6096-f0ea-4d31-a7c2-37da8b28d9bb","c3d08e96-0d1a-4ace-a448-2ec1e913c0f8","Al Wasta","الواسطى"
"f435450f-9e7f-47b2-b1aa-563e83db8100","760952a9-ac9d-4e50-9ce9-64896ac1dacf","El Qusiar","القصير"
"f46acad2-1d1c-45a5-9637-d97a10e335cd","68d03055-8404-4292-b234-7650a05e2b85","Hawamdiyah","الحوامدية"
"f487b1c8-3072-41c0-a6ce-fbde05071cd2","53b9e522-2a1e-4ac7-b67c-2e11dc1b9414","Hamol","الحامول"
"f4e93f89-a96a-4e3c-8741-cbebc0a27f16","760952a9-ac9d-4e50-9ce9-64896ac1dacf","Safaga","سفاجا"
"f52ae238-37e4-464e-98eb-bf18a7ed46b3","284fdf07-79e2-4f7c-b66c-aa4ee6b0ba2c","Kafr El Zayat","كفر الزيات"
"f6229fc4-c8f6-430b-bd03-0e5de4bebe5a","9c46ad38-28c4-4617-8e5f-37fb080fd935","El Kurdi","الكردي"
"f6277cfd-a987-480e-8674-359cf3a70885","e45f031f-e7a0-4119-a654-d6080a9883c0","Bani Mazar","بني مزار"
"f6f8fb19-3141-408b-a807-a9afa8881a87","b8db1201-8bfb-462f-809c-798b2bf52c15","Sidi Kerir","سيدي كرير"
"f7352fcc-c0d5-432f-91aa-4c81b2e37fbe","0e031498-ebc2-49fa-92fa-ff902e8670b9","El-Zaytoun","الزيتون"
"f765ba3e-b68f-460a-b6bf-17e4f779fdbe","352705bb-8b94-45b1-8e1f-529db29a6dc1","Farafra","الفرافرة"
"f804f864-a6d8-4b0f-a4a8-80fb0e2dfa2e","b8db1201-8bfb-462f-809c-798b2bf52c15","Al Mandara","المندرة"
"f99ad277-4707-4937-a23b-61dfb488c740","79d1b04c-b032-402e-8998-9ac689aac90c","Damanhour","دمنهور"
"f9c9c768-1842-4a2f-8f7e-922224bceb0b","3042500e-acdd-403f-b92f-bbe07890bc1e","Qantara Sharq","القنطرة شرق"
"fadba7c6-0036-4c68-9b3f-d0e25c45ce77","c3d08e96-0d1a-4ace-a448-2ec1e913c0f8","Naser","ناصر"
"faf6f9ce-a69e-4668-806e-12174ad043ff","9c46ad38-28c4-4617-8e5f-37fb080fd935","Dekernes","دكرنس"
"fb5c6891-dcd3-45d0-b1ed-61fb7e4cd0ce","68d03055-8404-4292-b234-7650a05e2b85","Saf","الصف"
"fcd264ad-7262-4afd-8578-705778b05082","3042500e-acdd-403f-b92f-bbe07890bc1e","Fayed","فايد"
"fd3915c5-7cb3-46a2-89c1-89e05980020a","e45f031f-e7a0-4119-a654-d6080a9883c0","Minya El Gedida","المنيا الجديدة"
"fd5066d7-31c9-4232-880f-d8dd711bb357","b8db1201-8bfb-462f-809c-798b2bf52c15","Elshatby","الشاطبي"
"fd87d0a0-3eab-43a3-a49e-9e7b17aa052c","f41e715d-4d7c-4468-aaa1-47a00a9b9750","Al Basilia","البصيلية"
"fde98123-d814-44f6-999c-2d4560dd1522","760952a9-ac9d-4e50-9ce9-64896ac1dacf","Marsa Alam","مرسى علم"
"fdfc1590-9306-4df3-b86f-3d7f8184f8bd","0e031498-ebc2-49fa-92fa-ff902e8670b9","Shorouk","مدينة الشروق"
"fe657560-bab5-4a40-bf90-73986ca8b0c7","f79d8036-7565-447b-b022-2892b14d78d0","Luxor","الأقصر"
"feb1d150-7deb-4f6a-9ce6-d9683692b0e4","0e031498-ebc2-49fa-92fa-ff902e8670b9","Rod Alfarag","روض الفرج"